<?xml version="1.0" encoding="UTF-8"?>
<project-private xmlns="http://www.netbeans.org/ns/project-private/1">
    <editor-bookmarks xmlns="http://www.netbeans.org/ns/editor-bookmarks/2" lastBookmarkId="0"/>
    <open-files xmlns="http://www.netbeans.org/ns/projectui-open-files/2">
        <group>
            <file>file:/C:/xampp/htdocs/CIS370Switzer/js/mainJS.js</file>
            <file>file:/C:/xampp/htdocs/CIS370Switzer/css/MainCSS.css</file>
            <file>file:/C:/xampp/htdocs/CIS370Switzer/view/About.php</file>
            <file>file:/C:/xampp/htdocs/CIS370Switzer/view/processLogoUpload.php</file>
            <file>file:/C:/xampp/htdocs/CIS370Switzer/view/Keyboards.php</file>
            <file>file:/C:/xampp/htdocs/CIS370Switzer/view/Monitors.php</file>
            <file>file:/C:/xampp/htdocs/CIS370Switzer/view/MonitorExample.php</file>
            <file>file:/C:/xampp/htdocs/CIS370Switzer/view/footer.php</file>
            <file>file:/C:/xampp/htdocs/CIS370Switzer/view/header.php</file>
            <file>file:/C:/xampp/htdocs/CIS370Switzer/view/Mice.php</file>
            <file>file:/C:/xampp/htdocs/CIS370Switzer/index.php</file>
            <file>file:/C:/xampp/htdocs/CIS370Switzer/view/MiceExample.php</file>
            <file>file:/C:/xampp/htdocs/CIS370Switzer/view/processNewsletterUpload.php</file>
            <file>file:/C:/xampp/htdocs/CIS370Switzer/view/fileUpload.php</file>
            <file>file:/C:/xampp/htdocs/CIS370Switzer/view/nav.php</file>
            <file>file:/C:/xampp/htdocs/CIS370Switzer/view/KeyboardExample.php</file>
            <file>file:/C:/xampp/htdocs/CIS370Switzer/view/Grading.php</file>
            <file>file:/C:/xampp/htdocs/CIS370Switzer/view/Carousel.php</file>
            <file>file:/C:/xampp/htdocs/CIS370Switzer/view/Admin.php</file>
            <file>file:/C:/xampp/htdocs/CIS370Switzer/view/processQuoteUpload.php</file>
            <file>file:/C:/xampp/htdocs/CIS370Switzer/view/RegisterProcess.php</file>
            <file>file:/C:/xampp/htdocs/CIS370Switzer/view/Register.php</file>
            <file>file:/C:/xampp/htdocs/CIS370Switzer/view/Home.php</file>
            <file>file:/C:/xampp/htdocs/CIS370Switzer/view/processFileUpload.php</file>
        </group>
    </open-files>
</project-private>
